Job,Link
Digital Strategist,http://www.buzzshift.com/jobs#digital-strategist-dallas-tx-119807
Digital Analyst,http://www.buzzshift.com/jobs#digital-analyst-dallas-tx-276610
Digital Marketing Specialist,http://www.buzzshift.com/jobs#digital-marketing-specialist-dallas-tx-896287
Paid Search / Online Advertising Specialist,http://www.buzzshift.com/jobs#paid-search-online-advertising-specialist-dallas-tx-191142
Paid Social / Online Advertising Specialist,http://www.buzzshift.com/jobs#paid-social-online-advertising-specialist-dallas-tx-510576
Digital Project Manager,http://www.buzzshift.com/jobs#digital-project-manager-dallas-tx-608087
Digital Content Specialist,http://www.buzzshift.com/jobs#digital-content-specialist-dallas-tx-848522
Digital Content Specialist,http://www.buzzshift.com/jobs#digital-content-specialist-dallas-tx-201637
Digital Designer,http://www.buzzshift.com/jobs#digital-designer-dallas-tx-736790
Creative Design Intern,http://www.buzzshift.com/jobs#creative-design-intern-dallas-tx-176537
"Digital Development Supervisor | Flower Mound, TX",http://www.buzzshift.com/jobs#digital-development-supervisor-flower-mound-tx-113454
